{
    "epoch": 2.0,
    "eval_loss": 3.923661708831787,
    "eval_runtime": 17.3354,
    "eval_samples_per_second": 484.153,
    "eval_steps_per_second": 60.57,
    "perplexity": 50.58533483202157
}